"count";"username";"datetime";"text"
"1";"sh_yn6180";"17:37:15 21-01-2021";"ازتون خواهش میکنم 🌺"
"2";"amirsalari5325";"17:37:54 21-01-2021";"⚘⚘🌸🌸💦💯💯💯☘☘⚘⚘"
"3";"najiabd1397";"17:37:56 21-01-2021";"👏👏👏👏"
"4";"roham.samiy";"17:40:28 21-01-2021";"😍"
"5";"mohammadtehrani123";"17:44:43 21-01-2021";"🙏🙏🙏🙏"
"6";"moein_ashrafalsadat";"17:45:20 21-01-2021";"💐💐💐🌹💐💐💐"
"7";"aram16babakhani";"17:45:22 21-01-2021";"محیطی زیبا جدید و عالی👍👍👍👍👍"
"8";"dr.latif.emami";"17:46:58 21-01-2021";"@asalemamii_"
"9";"mojtaba121312";"17:47:44 21-01-2021";"حتی با تور مجازی بسیار زیبا بروز و لاکچری بود واقعا از محیط و امکانات لذت بردم، 😍😍"
"10";"aram16babakhani";"17:57:52 21-01-2021";"👍👍👍👍👍👍👍"
"11";"mr_heyrati";"18:01:28 21-01-2021";"عالی😍😍😍😍"
"12";"yoosef8997";"18:01:52 21-01-2021";"سلام و صد سلام من از جناب ریس بانک مرکزی خواهش می کنم ایشان ی سری به بانک ها بیاندازید تا ببینید مردم برا یک سوال ساده دور خودشون باید بچرخند تا شاید یکی با اخم جواب بده البته ببخشید من خودم میگم امروز تو جامعه کنونی میخوای سلام بدی باید با احتیاط سلام کنی چرا که ممکن به طرف بر بخورد متشکرم"
"13";"maryam.manochehri_";"18:05:51 21-01-2021";"#ملی - پلاس"
"14";"maryam.manochehri_";"18:06:14 21-01-2021";"ملی _پلاس#"
"15";"emamia6711";"18:09:00 21-01-2021";"❤️👏👏👏👏👏👏👏👏"
"16";"jalilian1307";"18:09:02 21-01-2021";"ملی پلاس یه شعبه فوق العاده است👏👌👏"
"17";"solmaz.poorfahim";"18:10:20 21-01-2021";"تور مجازی بسیار زیبا و عالی و لاکچری بود واقعا از محیطش و امکاناتش لذت بردم 🌹🌹🌹"
"18";"solmaz.poorfahim";"18:10:32 21-01-2021";"@ali.porfahim.137"
"19";"hamed_zavvar7";"18:11:15 21-01-2021";"سلام .لطفا راهنمایی بفرمایید مشکلی که برای همراه بانکم پیش اومده بدون رفتن به بانک ملی چطور میتونم رفع کنم .ممنون🌹🙏"
"20";"solmaz.poorfahim";"18:11:48 21-01-2021";"@nhyd6131"
"21";"emamia6711";"18:11:51 21-01-2021";"زيبا"
"22";"solmaz.poorfahim";"18:11:53 21-01-2021";"@nahid._baeuty_salon"
"23";"emamia6711";"18:12:50 21-01-2021";"🌹🌹🌹🌹🍎🌹🍎🌹🍎"
"24";"emamia6711";"18:12:59 21-01-2021";"🌹❤️🌹❤️🌹"
"25";"sarnevesht3555";"18:13:15 21-01-2021";"سلام کسی منو راهنمایی کنه ادمین پاسخگو نیست میخوام همراه بانک ملی نصب کنم ولی نمیشه از بانک هم فعال کردم شماره تلفن همراه رو وقتی وارد همش میگه خطا از سرور و کد امنیتی میخواد که اصلا نمیده اونجا"
"26";"hadibahrami8877";"18:14:22 21-01-2021";"اعتماد ما بانک ملی پلاس❤️"
"27";"emamia6711";"18:14:39 21-01-2021";"# ملی - پلاس"
"28";"ansar_mirzaei.64";"18:15:58 21-01-2021";"#ملی_پلاس"
"29";"fasle_no99";"18:16:19 21-01-2021";"چقدر عالی👍👍💐💐💐💐"
"30";"zohreyazdi000";"18:17:29 21-01-2021";"نام بانک ملی ایران می درخشد"
"31";"emamia6711";"18:23:47 21-01-2021";"محیطی بی نظیر و عالی"
"32";"emamia6711";"18:23:59 21-01-2021";"محیطی بی نظیر و عالی"
"33";"e_eb_2546";"18:25:31 21-01-2021";"محیطی عالی و زیبا"
"34";"e_eb_2546";"18:27:14 21-01-2021";"امکانات زیبا ومحیطی جذاب"
"35";"e_eb_2546";"18:27:32 21-01-2021";"👏👏👏👏👏👏👏👏👏👏👏👏👏👏"
"36";"e_eb_2546";"18:28:34 21-01-2021";"جذاب و عالی"
"37";"hamnafas.804";"18:28:46 21-01-2021";"#ملی پلاس ی شعبه فوق العاده وبینظیره"
"38";"e_eb_2546";"18:28:49 21-01-2021";"امکاناتش عالیه👏👏👏👏👏👏👏👏"
"39";"mra1986eco";"18:29:33 21-01-2021";"تنها حس خدمت تو همچین شعبه رو خیلی زود دارم"
"40";"hamnafas.804";"18:30:16 21-01-2021";"#ملی پلاس فوقالعاده وبینظیره"
"41";"tarkesigareasan";"18:30:40 21-01-2021";"🚭🙏"
"42";"sajad_ghasemi90";"18:32:08 21-01-2021";"#ملی پلاس"
"43";"sajad_ghasemi90";"18:32:42 21-01-2021";"#ملی_پلاس"
"44";"sajad_ghasemi90";"18:33:01 21-01-2021";"😍😍😍😍"
"45";"sajad_ghasemi90";"18:33:38 21-01-2021";"#ملی_پلاس💛👑💛"
"46";"hamnafas.804";"18:36:18 21-01-2021";"@ni.loofar1705"
"47";"hamnafas.804";"18:36:25 21-01-2021";"@niloofar1671"
"48";"amirmahdi90.0";"18:41:33 21-01-2021";"بانک ملی ایران بهترین بانک و پیشرودرخدمات 🙏"
"49";"sharyar.1362";"18:43:57 21-01-2021";"#ملی پلاس#"
"50";"sharyar.1362";"18:44:18 21-01-2021";"@samerassss1365"
"51";"sharyar.1362";"18:44:26 21-01-2021";"@shahryar.kamrabi"
"52";"hamnafas.804";"18:47:06 21-01-2021";"@narin_shno"
"53";"hamnafas.804";"18:47:11 21-01-2021";"@nahal.s.z"
"54";"hamnafas.804";"18:47:24 21-01-2021";"@nahal_m1360"
"55";"hamnafas.804";"18:47:33 21-01-2021";"@nimamoamer"
"56";"hamnafas.804";"18:47:58 21-01-2021";"@_na3717"
"57";"hamnafas.804";"18:48:11 21-01-2021";"@lili.__.gh._._"
"58";"hamnafas.804";"18:48:15 21-01-2021";"@leili6647"
"59";"hamnafas.804";"18:48:18 21-01-2021";"@leila.bagheri41"
"60";"hamnafas.804";"18:48:28 21-01-2021";"@ladan_bahador"
"61";"hamnafas.804";"18:48:33 21-01-2021";"@lnlys99"
"62";"hamnafas.804";"18:48:44 21-01-2021";"@rfn.8791"
"63";"hamnafas.804";"18:48:51 21-01-2021";"@razie.soltane"
"64";"hamnafas.804";"18:49:01 21-01-2021";"@ramin.bahador.2018"
"65";"hamnafas.804";"18:49:08 21-01-2021";"@rozrok_bhd"
"66";"firstlove1400";"18:53:07 21-01-2021";"کتابخانه، #ملی_پلاس نماد هزاره ی جدید"
"67";"marziehallami9595";"18:55:19 21-01-2021";"بانک فقط بانک ملی"
"68";"navi.dghosi66";"18:57:50 21-01-2021";"😍😍😍👏👏"
"69";"mrysh1978";"19:02:46 21-01-2021";"🌹🌹ملی پلاس🌹🌹"
"70";"shah_roodi";"19:03:24 21-01-2021";"واقعا ملی پلاس آینده بانکداری ایرانه 👏👏👏"
"71";"nahal_m1360";"19:11:59 21-01-2021";"#ملی_پلاس"
"72";"nahal_m1360";"19:12:43 21-01-2021";"ملی پلاس عالیه"
"73";"nahal_m1360";"19:12:51 21-01-2021";"ملی پلاس حرف نداره"
"74";"nahal_m1360";"19:13:21 21-01-2021";"@unicorn1399unicorn #ملی_پلاس"
"75";"nahal_m1360";"19:13:32 21-01-2021";"@mandi.m137 #ملی_پلاس"
"76";"milad_e86";"19:13:41 21-01-2021";"قسمت کتابخونش عالیه👌👌👌 @me_teh_"
"77";"nahal_m1360";"19:13:49 21-01-2021";"@nazanin.58000 #ملی_پلاس"
"78";"nahal_m1360";"19:14:02 21-01-2021";"@maneli2699 #ملی_پلاس"
"79";"maskan_ak";"19:14:06 21-01-2021";"عالی ❤️❤️❤️❤️"
"80";"nahal_m1360";"19:14:20 21-01-2021";"@celeen9393 #ملی_پلاس"
"81";"nahal_m1360";"19:14:34 21-01-2021";"@atena.711 #ملی_پلاس"
"82";"nahal_m1360";"19:15:04 21-01-2021";"@fatimaaaa.m23 #ملی_پلاس"
"83";"nahal_m1360";"19:15:19 21-01-2021";"@atefehzarei_1999 #ملی_پلاس"
"84";"nahal_m1360";"19:15:30 21-01-2021";"@mohseni.fariba58 #ملی_پلاس"
"85";"nahal_m1360";"19:15:47 21-01-2021";"@shima.rouhi8076 #ملی_پلاس"
"86";"nahal_m1360";"19:16:11 21-01-2021";"😍😍😍😍😍😍#ملی_پلاس"
"87";"e_eb_2546";"19:23:30 21-01-2021";"محیطی جذاب و سیما"
"88";"smrnouri";"19:27:01 21-01-2021";"مگه ده روز پیش پست مسابقه ملی پلاس رو نذاشتین؟"
"89";"irqmly";"19:28:13 21-01-2021";"#ملی_پلاس فوق العاده است"
"90";"khaz1232";"19:28:26 21-01-2021";"#ملی- پلاس عالی و زیبا"
"91";"khaz1232";"19:30:00 21-01-2021";"#ملی-پلاس @emamia2764"
"92";"khaz1232";"19:30:24 21-01-2021";"#ملی-پلاس زیبا و عالی"
"93";"khaz1232";"19:30:57 21-01-2021";"#ملی-پلاس"
"94";"khaz1232";"19:31:35 21-01-2021";"ملی پلاس عالیه و بی نظیر"
"95";"emamia0841";"19:48:22 21-01-2021";"#ملی-پلاس خیلی عالی"
"96";"emamia0841";"19:48:47 21-01-2021";"محیطی عالی و بی نظیر"
"97";"emamia0841";"19:48:53 21-01-2021";"👏👏👏👏👏👏👏👏👏👏🔥🔥"
"98";"emamia0841";"19:50:29 21-01-2021";"#ملی-پلاس 👍👌👌👌👍👍👍💙💙💙"
"99";"mjafari1145";"19:51:23 21-01-2021";"#ملی_پلاس"
"100";"aks_tiike";"19:54:19 21-01-2021";"چرا همراه بانک کار نمیکنه"
"101";"mehrdad__ash";"19:56:17 21-01-2021";"😉👍😉👍😉👍🌹🌹😉👍😉👍😉👍🌹🌹"
"102";"mohamadjavadebrs";"20:00:13 21-01-2021";"سلام."
"103";"emamia0841";"20:00:28 21-01-2021";"#ملی-پلاس very very good"
"104";"emamia4877";"20:02:29 21-01-2021";"#ملی-پلاس خیلی خوب و عالی"
"105";"emamia4877";"20:03:02 21-01-2021";"#ملی-پلاس عالی و بی نظیر"
"106";"pourya88m";"20:03:11 21-01-2021";"قسمت کتابخونه خیلی عالیه 👌👏😍❤️"
"107";"pourya88m";"20:03:25 21-01-2021";"@capitan.kocholo"
"108";"emamia4877";"20:03:33 21-01-2021";"#ملی-پلاس @emamia329"
"109";"emamia4877";"20:03:47 21-01-2021";"#ملی-پلاس @emamia2546"
"110";"emamia4877";"20:04:03 21-01-2021";"#ملی-پلاس @emamia6711"
"111";"emamia4877";"20:04:27 21-01-2021";"#ملی-پلاس 👍 👍 💙 💙 💙 💙 💙 👏👏👏"
"112";"emamia4877";"20:04:39 21-01-2021";"#ملی-پلاس @emamia0841"
"113";"emamia4877";"20:04:55 21-01-2021";"#ملی-پلاس @emamia48.77"
"114";"emamia4877";"20:05:15 21-01-2021";"#ملی-پلاس @emamia8407"
"115";"mohamadjavadebrs";"20:05:56 21-01-2021";"از تمام جوانب #ملی_پلاس را بررسی کردم. درحقیقت ملی پلاس بانک دههای آینده است.@zibamahdavipour"
"116";"emamia4877";"20:06:21 21-01-2021";"#ملی-پلاس 👍👍👍👍👍👍👌👌👌👌👌💙💙💙💙"
"117";"bmiteller2017";"20:06:26 21-01-2021";"درود، بانک ملی با ایده های خوش‌فکری همچون همین طرح شعب ملی پلاس که نشئت گرفته از افکار مدیرعاملش ((جناب اقای دکتر حسین زاده)) هست، نه تنها بعنوان‌ یک سازمان پیشتاز وPioneer خودش رو مطرح کرده بلکه همچنین داعیه دار ابداعاتی نوین درصنعت بانکداری ایران اسلامیست.. همیشه در اوج باشی ، بانک من.... بانک ملی ایران🌹"
"118";"emamia4877";"20:06:38 21-01-2021";"#ملی-پلاس @emamia9269"
"119";"emamia4877";"20:06:53 21-01-2021";"#ملی-پلاس @m.mirshekar0013"
"120";"neda_meidani";"20:11:14 21-01-2021";"بانک ملی ایران بهترین بانک و نامی که همیشه میدرخشد❤️🌹🌹🌹🌹👏👏👏👌👌👌👌"
"121";"neda_meidani";"20:11:33 21-01-2021";"#ملی_پلاس"
"122";"zahra_am418";"20:13:28 21-01-2021";"💚💚👏👏"
"123";"emamia2521";"20:15:37 21-01-2021";"#ملی-پلاس محیطی متفاوت وزیبا"
"124";"emamia2521";"20:16:33 21-01-2021";"#ملی-پلاس واقعا عالی حرف نداره"
"125";"emamia2521";"20:16:45 21-01-2021";"#ملی-پلاس @emamia6711"
"126";"emamia2521";"20:16:56 21-01-2021";"#ملی-پلاس @emamia4877"
"127";"emamia2521";"20:18:26 21-01-2021";"#ملی-پلاس 👍👍 👍 💙 💙 💙 👌👌👌"
"128";"emamia2521";"20:19:09 21-01-2021";"#ملی-پلاس 👍 👍 👍 👍 💙👌👌👌👌👌👌👌👌👌👌👌👌👌👌❤️"
"129";"nadimig379";"20:42:29 21-01-2021";"#ملی-پلاس، محیطی متفاوت و زیبا"
"130";"nadimig379";"20:42:41 21-01-2021";"#ملی-پلاس عالیه"
"131";"nadimig379";"20:42:51 21-01-2021";"#ملی-پلاس، حرف نداره"
"132";"nadimig379";"20:43:13 21-01-2021";"#ملی-پلاس، @emamia2764"
"133";"nadimig379";"20:43:26 21-01-2021";"#ملی-پلاس، @emamia9269"
"134";"alibasereh1982";"20:43:33 21-01-2021";"بی نظیر، خیلی مشتاقم فرصتی پیدا بشه و حضوری بازدید کنم از این شعبه جذاب❤️"
"135";"nadimig379";"20:43:44 21-01-2021";"#ملی-پلاس، @mmmmmm666h"
"136";"alibasereh1982";"20:43:51 21-01-2021";"#ملی_پلاس"
"137";"nadimig379";"20:44:26 21-01-2021";"#ملی-پلاس عالیه"
"138";"e_ali4560";"20:45:34 21-01-2021";"متفاوت و زیبا"
"139";"e_ali4560";"20:49:15 21-01-2021";"#ملی-پلاس @emamia6711"
"140";"e_ali4560";"20:49:26 21-01-2021";"#ملی-پلاس، @emamia0841"
"141";"e_ali4560";"20:49:58 21-01-2021";"#ملی-پلاس، 👌👌👌👌👌👌👌👌👍👍👍👍👍👍👍❤️❤️❤️💙💙💙💙"
"142";"e_ali4560";"20:50:23 21-01-2021";"#ملی-پلاس، 👌👌👌👍👍👍👍🌹🌹🌹🌹🌹🌹🌹🌹"
"143";"e_ali4560";"20:50:44 21-01-2021";"#ملی-پلاس، زیبا و متفاوت"
"144";"e_ali4560";"20:50:53 21-01-2021";"#ملی-پلاس عالیه"
"145";"e_ali4560";"20:51:06 21-01-2021";"#ملی-پلاس حرف نداره👏👏👏👏👏"
"146";"e_ali4560";"20:52:15 21-01-2021";"#ملی-پلاس، متفاوت و جذاب👏❤️❤️❤️👏👏 👏 👏 👏"
"147";"e_ali4560";"20:52:54 21-01-2021";"#ملی-پلاس، @fatemeh.emami.78"
"148";"e_ali4560";"20:54:44 21-01-2021";"#ملی-پلاس، @emamia0841"
"149";"e_ali4560";"20:55:00 21-01-2021";"#ملی-پلاس، @emamia0841"
"150";"e_ali4560";"20:55:16 21-01-2021";"#ملی-پلاس، @emamia6711"
"151";"e_ali4560";"20:55:28 21-01-2021";"#ملی-پلاس، @emamia0841"
"152";"e_ali4560";"20:55:56 21-01-2021";"#ملی-پلاس 👍 👍 👍 👍 👍 👍 ❤️❤️❤️👏👏👏👏👏"
"153";"j_shaph66";"21:02:42 21-01-2021";"سود بانکی یک ساله چند درصد است"
"154";"reza_shokri1355";"21:04:03 21-01-2021";"دم همه‌مون گرم🌹👍"
"155";"nadimig192";"21:05:17 21-01-2021";"#ملی-پلاس خیلی خوب و عالی"
"156";"nadimig192";"21:05:28 21-01-2021";"#ملی-پلاس عالیه👏👏👏👏👏"
"157";"nadimig192";"21:05:42 21-01-2021";"#ملی-پلاس عالیه"
"158";"nadimig192";"21:06:00 21-01-2021";"#ملی-پلاس @moheb.hadis.4560"
"159";"nadimig192";"21:06:30 21-01-2021";"#ملی-پلاس 👍 👍 👍 👍 👍 👍 👍 👍"
"160";"nadimig192";"21:06:38 21-01-2021";"#ملی-پلاس 👍 👍 👏👏👏👏👏"
"161";"nadimig192";"21:06:49 21-01-2021";"#ملی-پلاس جذاب و زیبا"
"162";"nadimig192";"21:07:15 21-01-2021";"#ملی-پلاس @sport66_ali"
"163";"nadimig192";"21:08:01 21-01-2021";"#ملی-پلاس @emamia4560"
"164";"nadimig192";"21:08:32 21-01-2021";"#ملی-پلاس، @emamia2764"
"165";"nadimig192";"21:08:48 21-01-2021";"#ملی-پلاس، @emamia8407"
"166";"nadimig192";"21:09:12 21-01-2021";"#ملی-پلاس، @ali_______ali_____ali______"
"167";"jonnyallen134";"21:15:04 21-01-2021";"𝐈 invested $300 𝐚𝐧𝐝 𝐠𝐨𝐭 𝐚 𝐩𝐫𝐨𝐟𝐢𝐭 𝐨𝐟 $2,600 𝐢𝐧 𝐭𝐫𝐚𝐝𝐢𝐧𝐠 𝐟𝐨𝐫 5𝐝𝐚𝐲𝐬.𝐢𝐭𝐬 𝐚 𝐰𝐨𝐧𝐝𝐞𝐫𝐟𝐮𝐥 𝐞𝐱𝐩𝐞𝐫𝐢𝐞𝐧𝐜𝐞 𝐭𝐫𝐚𝐝𝐢𝐧𝐠 𝐰𝐢𝐭𝐡 @noah_liam_28 𝐢’𝐦 𝐠𝐫𝐚𝐭𝐞𝐟𝐮𝐥 𝐚𝐧𝐝 𝐟𝐨𝐫𝐞𝐯𝐞𝐫 𝐰𝐢𝐥𝐥 𝐛𝐞. I 𝐡𝐢𝐠𝐡𝐥𝐲 𝐫𝐞𝐜𝐨𝐦𝐦𝐞𝐧𝐝 𝐡im 𝐭𝐨 𝐚𝐧𝐲𝐨𝐧𝐞 𝐬𝐭𝐫𝐮𝐠𝐠𝐥𝐢𝐧𝐠 𝐟𝐢𝐧𝐚𝐧𝐜𝐢𝐚𝐥𝐥𝐲 @noah_liam_28"
"168";"emamia329";"21:16:47 21-01-2021";"#ملی-پلاس 👍 👍 👍 👍"
"169";"emamia329";"21:16:56 21-01-2021";"#ملی-پلاس عالی و زیبا"
"170";"emamia329";"21:17:05 21-01-2021";"#ملی-پلاس 👍 👍 🙌🙌🙌🙌🙌🙌"
"171";"emamia329";"21:17:18 21-01-2021";"#ملی-پلاس، ❤️❤️❤️❤️👏👏👏"
"172";"emamia329";"21:17:28 21-01-2021";"#ملی-پلاس 👍 👍 👍 👍 👍"
"173";"emamia329";"21:17:41 21-01-2021";"#ملی-پلاس متفاوت و زیبا"
"174";"emamia329";"21:17:57 21-01-2021";"#ملی-پلاس 👍👍👏👏👏👏👏👌👌👌👌👌👌👌"
"175";"emamia329";"21:18:23 21-01-2021";"#ملی-پلاس @emamia0841 امامی"
"176";"emamia329";"21:18:46 21-01-2021";"#ملی-پلاس، @emamia92.69"
"177";"emamia329";"21:19:00 21-01-2021";"#ملی-پلاس، @emamia0841"
"178";"emamia329";"21:19:18 21-01-2021";"#ملی-پلاس، @emamia6711"
"179";"emamia329";"21:19:51 21-01-2021";"#ملی-پلاس 🌹🌹🌹🌹🌹🌹🌹🌹🌹👌👌👌👌👌👌👌👌"
"180";"emamia329";"21:20:20 21-01-2021";"#ملی-پلاس عالی و متفاوت"
"181";"shahryar.kamrabi";"21:24:56 21-01-2021";"محیطی جدید و بسیار فوق‌العاده 😍😍😍😍"
"182";"shahryar.kamrabi";"21:25:32 21-01-2021";"@sharyar.1362"
"183";"shahryar.kamrabi";"21:25:42 21-01-2021";"@hosen.1386dd"
"184";"shahryar.kamrabi";"21:25:54 21-01-2021";"@samerassss1365"
"185";"shahryar.kamrabi";"21:26:10 21-01-2021";"@saeedshaterabadi007"
"186";"hosen.1386dd";"21:26:47 21-01-2021";"@abolfzl_kamarabi"
"187";"hosen.1386dd";"21:27:04 21-01-2021";"خیلی عالیه😍😍😍😍"
"188";"hosen.1386dd";"21:27:17 21-01-2021";"@samerassss1365"
"189";"hosen.1386dd";"21:27:23 21-01-2021";"@abolfzl_kamarabi"
"190";"hosen.1386dd";"21:27:36 21-01-2021";"@ali.kamarabi99"
"191";"emamia8407";"21:27:39 21-01-2021";"#ملی-پلاس 👍 👍 👍 👍 👍 خیلی عالی"
"192";"hosen.1386dd";"21:27:44 21-01-2021";"@mehdi_kuorani"
"193";"emamia8407";"21:27:49 21-01-2021";"#ملی-پلاس 🙌🙌🙌🙌🙌👏👏👏👏👏"
"194";"hosen.1386dd";"21:27:53 21-01-2021";"@saeiddaliry6"
"195";"emamia8407";"21:27:58 21-01-2021";"#ملی-پلاس عالی وزیبا"
"196";"hosen.1386dd";"21:28:10 21-01-2021";"@sajadzangishe1986"
"197";"emamia8407";"21:28:14 21-01-2021";"#ملی-پلاس 👌👌👌👌👌👌👌👌🌹🌹🌹🌹"
"198";"emamia8407";"21:28:31 21-01-2021";"#ملی-پلاس متفاوت وزیبا"
"199";"emamia8407";"21:28:52 21-01-2021";"#ملی-پلاس، @emamia48.77"
"200";"emamia8407";"21:28:55 21-01-2021";"#ملی-پلاس، @emamia0841"
"201";"hosen.1386dd";"21:30:16 21-01-2021";"#ملی پلاس#😍😍"
"202";"z.firoz.noroz";"21:32:14 21-01-2021";"مکانی جدید باتکنولوژی پیشرفته برای رفاه مشتریان . دستماریزاد .👏👏👏👏👏👏"
"203";"z.firoz.noroz";"21:34:43 21-01-2021";"🌷🌷👏👏❤️🍀🌻 محیطی بسیار جذاب و عالی خدا قوت 🌻🍀❤️👏👏🌷🌷"
"204";"emamia2764";"21:37:18 21-01-2021";"ملی پلاس فوق‌العاده است"
"205";"emamia2764";"21:37:29 21-01-2021";"#ملی-پلاس واقعا عالیست"
"206";"emamia2764";"21:37:43 21-01-2021";"#ملی-پلاس خیلی عالیه"
"207";"emamia2764";"21:38:14 21-01-2021";"#ملی-پلاس شعبه ای متفاوت👏👏👏👏👏👏"
"208";"emamia2764";"21:38:27 21-01-2021";"#ملی-پلاس 👌👌👌👌👌👌👌👌👌👌"
"209";"emamia2764";"21:38:48 21-01-2021";"#ملی-پلاس عالی🌹🌹🌹🌹👍👍👍👍👍👍👍👍"
"210";"emamia2764";"21:39:12 21-01-2021";"#ملی-پلاس، @emamia2521"
"211";"emamia2764";"21:39:27 21-01-2021";"#ملی-پلاس @emamia4877"
"212";"solamaryam";"21:56:55 21-01-2021";"@smrnouri تا ۲۲ بهمن توی چند پست تکرارش میکنیم و مجموع این پستها ملاک خواهد بود"
"213";"mahshid.kh.1356";"22:37:04 21-01-2021";"❤️ محیطی بسیار عالی و جذاب با امکانات رفاهی بالا ❤️"
"214";"emamia3263";"22:51:59 21-01-2021";"👏👏👏👏👏👏👏👏👏👏به به خیلی عالی"
"215";"emamia3263";"22:52:31 21-01-2021";"#ملی-پلاس، @emamia92.69"
"216";"emamia3263";"22:52:42 21-01-2021";"#ملی-پلاس خیلی عالی و زیبا"
"217";"emamia3263";"22:53:03 21-01-2021";"#ملی-پلاس عالیه👍👍👍👍👍🌹👏👏👏🌹🌹🌹🌹🌹"
"218";"emamia3263";"22:54:48 21-01-2021";"#ملی-پلاس زیبا"
"219";"emamia3263";"22:55:00 21-01-2021";"#ملی-پلاس خیلی عالی بود 👏👏👏👏👏"
"220";"emamia3263";"22:55:25 21-01-2021";"#ملی-پلاس محیطی کاملا متفاوت و زیبا"
"221";"emamia3263";"22:55:41 21-01-2021";"#ملی-پلاس، محیطی کاملا جذاب و متفاوت"
"222";"rahmanfarahmand";"22:55:58 21-01-2021";"@yoosef8997 چرا مردم برای پرداخت حق بیمه تامین اجتماعی بجای مراجعه به سایت تأمین اجتماعی و صدور و پرداخت فیش بیمه، با صرف هزینه اضافه و صرف وقت و عمر خود به کافی نت ها مراجعه می‌کنند،وهزاران کار ساده دیگر که به علت نبود آموزش مردم را روانه اماکن عمومی و دولتی و شلوغ می‌کند........................ آموزش آموزش آموزش"
"223";"emamia3263";"22:56:10 21-01-2021";"#ملی-پلاس @emamia6711"
"224";"emamia3263";"22:56:31 21-01-2021";"#ملی-پلاس، @emamia8407"
"225";"emamia3263";"22:56:50 21-01-2021";"#ملی-پلاس، @emamia92.69"
"226";"emamia3263";"22:57:12 21-01-2021";"#ملی-پلاس، @محیطی کاملاً متفاوت وجذاب"
"227";"emamia3263";"22:58:20 21-01-2021";"#ملی-پلاس، @emamia6711"
"228";"emamia3263";"22:58:33 21-01-2021";"#ملی-پلاس، فوقالعاده"
"229";"fmah214";"22:59:34 21-01-2021";"محیطی جذاب ودوست داشتنی 👌🏻😍"
"230";"afsaneafroozi";"22:59:42 21-01-2021";"امروز بانک ملی اختلال داشته تو سیستمش؟؟ما ی پرداخت میخوایم انجام بده خطا میده"
"231";"fmah214";"22:59:57 21-01-2021";"حقیقتا آرامش اینجاست 👌🏻👌🏻👌🏻👌🏻"
"232";"emamia4877";"23:00:10 21-01-2021";"#ملی-پلاس 👏👏👏👏👏👏👏👏"
"233";"emamia4877";"23:00:21 21-01-2021";"#ملی-پلاس عالی"
"234";"fmah214";"23:00:27 21-01-2021";"بسیار عالی و‌جذاب بود👌🏻"
"235";"emamia4877";"23:00:33 21-01-2021";"#ملی-پلاس 👍 👍 👍 👍 👍 👍 خیلی خیلی عالیه"
"236";"emamia4877";"23:00:45 21-01-2021";"#ملی-پلاس 👍 👍 👍 👍 👍 👌👌👌👌👌👌"
"237";"asghar.masoumi";"23:00:48 21-01-2021";"👏👏👏👏 خدا قوت با تشکر فروان از مکانی که برای آسایش مردم در حوزه بانکداری دیجیتال فراهم کرده اید ."
"238";"emamia4877";"23:00:58 21-01-2021";"#ملی-پلاس 👌👌👌👌👌🌹🌹🌹🌹👍👍👍👍👍"
"239";"sohrabi1681";"23:01:23 21-01-2021";"کیف کردم از افتتاح ملی پلاس👏👏👏👏"
"240";"asghar.masoumi";"23:01:28 21-01-2021";"محیطی بسیا ر عالی در بانکداری دیجیتال ."
"241";"emamia4877";"23:02:23 21-01-2021";"#ملی-پلاس، @emamia8407 امامی"
"242";"emamia4877";"23:02:43 21-01-2021";"عالی@emamia48.77"
"243";"e_eb_2546";"23:03:46 21-01-2021";"عالی"
"244";"e_eb_2546";"23:03:56 21-01-2021";"عالی@emamia329"
"245";"e_eb_2546";"23:04:19 21-01-2021";"محیطی جذاب و زیبا@emamia4877"
"246";"e_eb_2546";"23:04:35 21-01-2021";"#ملی-پلاس، @emamia4877"
"247";"e_eb_2546";"23:04:51 21-01-2021";"#ملی-پلاس، محیطی کاملا عالی"
"248";"e_eb_2546";"23:05:04 21-01-2021";"#ملی-پلاس 👌👌👌👌👌👌👌👌👌👍👍👍👍👍"
"249";"e_eb_2546";"23:05:35 21-01-2021";"#ملی-پلاس، @emamia4877"
"250";"e_eb_2546";"23:05:56 21-01-2021";"نتیجه #ملی-پلاس @emamia8407"
"251";"e_eb_2546";"23:07:08 21-01-2021";"#ملی-پلاس ❤️❤️🔥🔥👏👏👏👏👏👏"
"252";"alirezafarbod1390";"23:16:19 21-01-2021";"ملی پلاس عالیه"
"253";"alirezafarbod1390";"23:16:25 21-01-2021";"@minakhalilian74"
"254";"alirezafarbod1390";"23:16:29 21-01-2021";"@khdyjhqj"
"255";"solmaz_poorfahim1369";"23:17:30 21-01-2021";"@rozita_drfshi"
"256";"mohamad_najafgholilo";"23:43:49 21-01-2021";"محیط و امکاناتش منو جذب کرد @video_clip_funn @donya_nazimi @mohamad_mohamadi103"
"257";"hosen.1386dd";"23:44:30 21-01-2021";"1,@shahryar.kamrabi"
"258";"hosen.1386dd";"23:44:43 21-01-2021";"@r_shrifi"
"259";"hosen.1386dd";"23:44:53 21-01-2021";"@saiid.rostami.67"
"260";"hosen.1386dd";"23:45:15 21-01-2021";"@hamzhkhodadadi.1368"
"261";"hosen.1386dd";"23:45:20 21-01-2021";"@shahab_nejati_299"
"262";"hosen.1386dd";"23:45:35 21-01-2021";"@alizanknl"
"263";"zohreyazdi000";"23:46:01 21-01-2021";"هرجاسخن ازاعتماداست بانک ملی ایران می درخشد"
"264";"adambarfi207i";"23:50:42 21-01-2021";"عالی"
"265";"adambarfi207i";"23:50:47 21-01-2021";"بی نظیر"
"266";"adambarfi207i";"23:50:51 21-01-2021";"بهترین"
"267";"adambarfi207i";"23:50:55 21-01-2021";"خوبه"
"268";"adambarfi207i";"23:51:32 21-01-2021";"حس زیبایی"
"269";"adambarfi207i";"23:51:56 21-01-2021";"آرامش"
"270";"adambarfi207i";"23:52:04 21-01-2021";"پیشرفت"
"271";"adambarfi207i";"23:52:19 21-01-2021";"فردا با ملی پلاس"
"272";"adambarfi207i";"23:52:30 21-01-2021";"اعتماد با ملی پلاس"
"273";"adambarfi207i";"23:52:45 21-01-2021";"عالیه"
"274";"mohamad_mohamadi103";"23:53:56 21-01-2021";"اسمش منو به وجد آورد پلاس یعنی فرا تر از خدمت @video_clip_funn @donya_nazimi @mohamad_najafgholilo"
"275";"donya_nazimi";"00:08:04 22-01-2021";"زیبا و جدید و عالی مخصوصا کتاب خونش @video_clip_funn @mohamad_najafgholilo @mohamad_mohamadi103"
"276";"video_clip_funn";"00:11:31 22-01-2021";"پیشرفت داره و حقیقتش محیط دوست داشتنی داره @donya_nazimi @mohamad_najafgholilo @mohamad_mohamadi103"
"277";"iman.sh1991";"00:18:15 22-01-2021";"#ملی پلاس"
"278";"miss__paezi";"00:40:57 22-01-2021";"محيطي فوق العاده و ارام"
"279";"m_iravani516";"00:44:59 22-01-2021";"ملی پلاس تبلور خدمات نوین بانکی در امروز"
"280";"nz_5454";"01:09:38 22-01-2021";"محیطی عالی وزیبا ‌وبی نظیر👌👌👌"
"281";"emamia0841";"01:20:52 22-01-2021";"#ملی-پلاس محیطی آرام و جذاب"
"282";"emamia2521";"01:21:24 22-01-2021";"#ملی-پلاس محیطی جذاب"
"283";"emamia2521";"01:21:35 22-01-2021";"#ملی-پلاس جذاب"
"284";"emamia2521";"01:21:44 22-01-2021";"#ملی-پلاس، زیبا"
"285";"emamia2521";"01:21:58 22-01-2021";"#ملی-پلاس بی نظیر"
"286";"emamia2521";"01:22:07 22-01-2021";"#ملی-پلاس عالی"
"287";"emamia2521";"01:22:20 22-01-2021";"#ملی-پلاس، @emamia6711"
"288";"emamia2521";"01:24:21 22-01-2021";"#ملی-پلاس، محیطی متفاوت و جذاب"
"289";"emamia2521";"01:26:51 22-01-2021";"#ملی-پلاس جذاب وزیبا"
"290";"aigin__aiai";"02:17:41 22-01-2021";"#ملی_پلاس 😍 بینظیییییییررررررره😍"
"291";"hakan__20207";"02:23:10 22-01-2021";"#ملی_پلاس 😍عالیییییی"
"292";"badalijat_almasss_accessory";"02:31:28 22-01-2021";"#ملی_پلاس ❤بینظیررررررر"
"293";"emamia6711";"02:36:36 22-01-2021";"#ملی-پلاس زیبا"
"294";"emamia6711";"02:36:44 22-01-2021";"#ملی-پلاس متفاوت"
"295";"emamia8407";"02:37:30 22-01-2021";"#ملی-پلاس محیطی متفاوت"
"296";"emamia8407";"02:37:45 22-01-2021";"#ملی-پلاس محیطی متفاوت و جذاب"
"297";"emamia8407";"02:39:16 22-01-2021";"#ملی-پلاس جذاب"
"298";"emamia8407";"02:40:49 22-01-2021";"#ملی-پلاس محیطی متفاوت و جذاب"
"299";"khaz1232";"02:41:52 22-01-2021";"#ملی-پلاس @emamia6711"
"300";"khaz1232";"02:44:58 22-01-2021";"#ملی-پلاس جذاب و دلنشین"
